paciente_id,idade,sexo,estado_permanente,classificacao_final_id,classificacao_final,justificativa,bpms_analisados
0,62,F,Atividade Leve,2,Atencao,"Registrou 137 BPM em Atividade Leve, indicando necessidade de acompanhamento.","[137, 138, 138, 134, 139, 137, 135, 138, 138, 135]"
1,51,F,Atividade Intensa,3,Alerta Critico,"Registrou pico de 180 BPM em Atividade Intensa no minuto 0, precisa de atendimento URGENTE!","[180, 177, 178, 179, 180, 179, 180, 180, 175, 177]"
2,51,F,Atividade Intensa,1,Normal,Paciente estável com média de 142.8 BPM em Atividade Intensa.,"[140, 146, 140, 145, 140, 145, 144, 143, 140, 145]"
3,59,F,Atividade Intensa,3,Alerta Critico,"Registrou pico de 184 BPM em Atividade Intensa no minuto 0, precisa de atendimento URGENTE!","[184, 185, 179, 185, 180, 179, 185, 184, 180, 183]"
4,60,M,Atividade Leve,1,Normal,Paciente estável com média de 92.7 BPM em Atividade Leve.,"[91, 95, 92, 96, 93, 94, 92, 90, 90, 94]"
5,56,F,Atividade Intensa,2,Atencao,"Registrou 166 BPM em Atividade Intensa, indicando necessidade de acompanhamento.","[166, 169, 164, 165, 168, 167, 165, 163, 168, 167]"
6,66,F,Repouso,1,Normal,Paciente estável com média de 68.8 BPM em Repouso.,"[69, 69, 69, 70, 68, 70, 70, 66, 66, 71]"
7,64,F,Repouso,3,Alerta Critico,"Registrou pico de 138 BPM em Repouso no minuto 0, precisa de atendimento URGENTE!","[138, 133, 133, 138, 138, 133, 138, 138, 138, 137]"
8,27,F,Atividade Leve,2,Atencao,"Registrou 131 BPM em Atividade Leve, indicando necessidade de acompanhamento.","[131, 128, 127, 131, 131, 126, 129, 131, 126, 125]"
9,44,F,Repouso,1,Normal,Paciente estável com média de 69.1 BPM em Repouso.,"[68, 71, 72, 67, 67, 68, 70, 71, 70, 67]"
10,55,F,Atividade Leve,2,Atencao,"Registrou 132 BPM em Atividade Leve, indicando necessidade de acompanhamento.","[132, 130, 128, 130, 132, 127, 128, 131, 130, 128]"
11,67,F,Repouso,1,Normal,Paciente estável com média de 78.9 BPM em Repouso.,"[82, 78, 79, 76, 78, 79, 78, 80, 79, 80]"
12,44,F,Atividade Intensa,1,Normal,Paciente estável com média de 126.0 BPM em Atividade Intensa.,"[126, 128, 126, 127, 124, 125, 124, 124, 127, 129]"
13,65,F,Repouso,2,Atencao,"Registrou 118 BPM em Repouso, indicando necessidade de acompanhamento.","[118, 119, 118, 118, 117, 116, 118, 114, 115, 118]"
14,48,M,Atividade Intensa,2,Atencao,"Registrou 156 BPM em Atividade Intensa, indicando necessidade de acompanhamento.","[156, 153, 157, 157, 157, 153, 157, 155, 156, 153]"
15,53,M,Repouso,3,Alerta Critico,"Registrou pico de 129 BPM em Repouso no minuto 0, precisa de atendimento URGENTE!","[129, 127, 124, 127, 128, 130, 125, 128, 126, 125]"
16,33,M,Atividade Leve,1,Normal,Paciente estável com média de 117.2 BPM em Atividade Leve.,"[119, 116, 117, 118, 118, 117, 114, 115, 119, 119]"
17,40,F,Atividade Intensa,3,Alerta Critico,"Registrou pico de 184 BPM em Atividade Intensa no minuto 0, precisa de atendimento URGENTE!","[184, 186, 182, 186, 187, 185, 181, 187, 184, 185]"
18,26,M,Atividade Leve,2,Atencao,"Registrou 127 BPM em Atividade Leve, indicando necessidade de acompanhamento.","[127, 131, 125, 128, 125, 127, 125, 128, 125, 126]"
19,22,F,Atividade Intensa,1,Normal,Paciente estável com média de 140.2 BPM em Atividade Intensa.,"[140, 138, 143, 139, 140, 139, 139, 140, 143, 141]"
20,80,M,Atividade Leve,2,Atencao,"Registrou 116 BPM em Atividade Leve, indicando necessidade de acompanhamento.","[116, 115, 119, 114, 115, 118, 117, 120, 119, 116]"
21,65,F,Repouso,2,Atencao,"Registrou 118 BPM em Repouso, indicando necessidade de acompanhamento.","[118, 118, 116, 113, 119, 113, 117, 114, 116, 117]"
22,37,F,Atividade Intensa,1,Normal,Paciente estável com média de 135.5 BPM em Atividade Intensa.,"[137, 135, 134, 135, 138, 135, 134, 136, 134, 137]"
23,38,F,Repouso,2,Atencao,"Registrou 102 BPM em Repouso, indicando necessidade de acompanhamento.","[102, 106, 101, 101, 101, 101, 105, 101, 101, 101]"
24,49,F,Repouso,1,Normal,Paciente estável com média de 74.1 BPM em Repouso.,"[76, 71, 75, 76, 71, 72, 71, 76, 76, 77]"
25,46,M,Atividade Leve,2,Atencao,"Registrou 127 BPM em Atividade Leve, indicando necessidade de acompanhamento.","[127, 125, 122, 124, 128, 123, 122, 122, 127, 127]"
26,35,F,Atividade Intensa,1,Normal,Paciente estável com média de 133.4 BPM em Atividade Intensa.,"[135, 135, 132, 133, 130, 132, 134, 136, 135, 132]"
27,47,M,Repouso,1,Normal,Paciente estável com média de 78.6 BPM em Repouso.,"[78, 78, 81, 81, 80, 76, 80, 78, 76, 78]"
28,42,F,Repouso,2,Atencao,"Registrou 106 BPM em Repouso, indicando necessidade de acompanhamento.","[106, 105, 109, 111, 110, 108, 105, 105, 109, 111]"
29,21,F,Atividade Intensa,3,Alerta Critico,"Registrou pico de 186 BPM em Atividade Intensa no minuto 0, precisa de atendimento URGENTE!","[186, 181, 182, 187, 185, 185, 182, 185, 182, 184]"
30,79,F,Repouso,2,Atencao,"Registrou 92 BPM em Repouso, indicando necessidade de acompanhamento.","[92, 91, 91, 94, 91, 92, 92, 93, 91, 91]"
31,45,F,Atividade Leve,3,Alerta Critico,"Registrou pico de 147 BPM em Atividade Leve no minuto 0, precisa de atendimento URGENTE!","[147, 151, 149, 150, 146, 148, 149, 151, 149, 148]"
32,72,M,Atividade Intensa,1,Normal,Paciente estável com média de 113.9 BPM em Atividade Intensa.,"[113, 112, 113, 116, 117, 111, 111, 116, 113, 117]"
33,78,F,Repouso,1,Normal,Paciente estável com média de 65.7 BPM em Repouso.,"[68, 69, 63, 69, 63, 65, 65, 63, 68, 64]"
34,54,M,Atividade Intensa,2,Atencao,"Registrou 155 BPM em Atividade Intensa, indicando necessidade de acompanhamento.","[155, 156, 155, 156, 152, 157, 156, 153, 152, 153]"
35,34,M,Atividade Leve,3,Alerta Critico,"Registrou pico de 155 BPM em Atividade Leve no minuto 0, precisa de atendimento URGENTE!","[155, 154, 152, 151, 155, 153, 154, 152, 151, 149]"
36,29,M,Atividade Intensa,2,Atencao,"Registrou 165 BPM em Atividade Intensa, indicando necessidade de acompanhamento.","[165, 160, 164, 163, 162, 164, 163, 165, 163, 159]"
37,60,F,Atividade Intensa,2,Atencao,"Registrou 163 BPM em Atividade Intensa, indicando necessidade de acompanhamento.","[163, 168, 162, 168, 165, 162, 167, 162, 166, 166]"
38,41,F,Atividade Leve,3,Alerta Critico,"Registrou pico de 142 BPM em Atividade Leve no minuto 0, precisa de atendimento URGENTE!","[142, 144, 142, 146, 141, 142, 141, 146, 144, 142]"
39,45,M,Repouso,2,Atencao,"Registrou 114 BPM em Repouso, indicando necessidade de acompanhamento.","[114, 114, 109, 114, 108, 109, 112, 108, 109, 113]"
40,21,M,Atividade Leve,1,Normal,Paciente estável com média de 103.4 BPM em Atividade Leve.,"[104, 100, 102, 106, 103, 104, 104, 103, 103, 105]"
41,63,M,Atividade Intensa,1,Normal,Paciente estável com média de 122.7 BPM em Atividade Intensa.,"[120, 122, 124, 123, 125, 122, 121, 121, 124, 125]"
42,49,F,Atividade Leve,1,Normal,Paciente estável com média de 100.5 BPM em Atividade Leve.,"[102, 99, 99, 98, 102, 100, 102, 101, 101, 101]"
43,23,F,Atividade Leve,1,Normal,Paciente estável com média de 108.5 BPM em Atividade Leve.,"[109, 106, 110, 107, 111, 108, 112, 110, 106, 106]"
44,60,M,Atividade Intensa,1,Normal,Paciente estável com média de 137.3 BPM em Atividade Intensa.,"[139, 139, 136, 136, 138, 137, 137, 134, 139, 138]"
45,59,F,Atividade Leve,3,Alerta Critico,"Registrou pico de 141 BPM em Atividade Leve no minuto 0, precisa de atendimento URGENTE!","[141, 147, 142, 144, 142, 143, 141, 141, 147, 143]"
46,69,M,Atividade Leve,3,Alerta Critico,"Registrou pico de 150 BPM em Atividade Leve no minuto 0, precisa de atendimento URGENTE!","[150, 150, 150, 147, 146, 150, 150, 146, 150, 145]"
47,70,M,Repouso,1,Normal,Paciente estável com média de 63.9 BPM em Repouso.,"[63, 65, 65, 62, 67, 66, 63, 62, 65, 61]"
48,71,M,Atividade Leve,1,Normal,Paciente estável com média de 102.9 BPM em Atividade Leve.,"[102, 100, 100, 102, 104, 106, 103, 105, 106, 101]"
49,62,F,Repouso,2,Atencao,"Registrou 102 BPM em Repouso, indicando necessidade de acompanhamento.","[102, 102, 108, 103, 103, 102, 104, 102, 105, 102]"
50,71,M,Repouso,3,Alerta Critico,"Registrou pico de 111 BPM em Repouso no minuto 0, precisa de atendimento URGENTE!","[111, 111, 111, 114, 112, 111, 113, 111, 112, 111]"
51,76,M,Atividade Intensa,1,Normal,Paciente estável com média de 136.6 BPM em Atividade Intensa.,"[135, 139, 139, 138, 135, 136, 137, 134, 138, 135]"
52,65,M,Atividade Leve,1,Normal,Paciente estável com média de 102.7 BPM em Atividade Leve.,"[102, 105, 105, 101, 102, 104, 104, 103, 100, 101]"
53,36,M,Atividade Leve,3,Alerta Critico,"Registrou pico de 154 BPM em Atividade Leve no minuto 0, precisa de atendimento URGENTE!","[154, 159, 158, 155, 156, 155, 158, 158, 154, 159]"
54,67,F,Repouso,1,Normal,Paciente estável com média de 67.0 BPM em Repouso.,"[65, 70, 65, 67, 68, 67, 65, 71, 65, 67]"
55,41,F,Atividade Leve,2,Atencao,"Registrou 129 BPM em Atividade Leve, indicando necessidade de acompanhamento.","[129, 130, 126, 127, 127, 131, 132, 131, 131, 132]"
56,33,M,Atividade Leve,1,Normal,Paciente estável com média de 102.5 BPM em Atividade Leve.,"[102, 103, 101, 101, 104, 105, 101, 101, 103, 104]"
57,80,M,Atividade Leve,2,Atencao,"Registrou 118 BPM em Atividade Leve, indicando necessidade de acompanhamento.","[118, 118, 121, 116, 116, 120, 121, 116, 115, 121]"
58,34,F,Repouso,2,Atencao,"Registrou 113 BPM em Repouso, indicando necessidade de acompanhamento.","[113, 114, 118, 116, 114, 117, 118, 118, 114, 113]"
59,77,F,Repouso,2,Atencao,"Registrou 97 BPM em Repouso, indicando necessidade de acompanhamento.","[97, 97, 100, 99, 99, 95, 99, 95, 97, 100]"
60,35,F,Repouso,1,Normal,Paciente estável com média de 93.0 BPM em Repouso.,"[91, 94, 95, 92, 95, 93, 93, 91, 93, 93]"
61,65,M,Repouso,3,Alerta Critico,"Registrou pico de 124 BPM em Repouso no minuto 0, precisa de atendimento URGENTE!","[124, 126, 127, 128, 125, 127, 127, 126, 126, 127]"
62,38,M,Repouso,3,Alerta Critico,"Registrou pico de 129 BPM em Repouso no minuto 0, precisa de atendimento URGENTE!","[129, 135, 135, 131, 134, 133, 132, 130, 134, 134]"
63,66,F,Atividade Intensa,1,Normal,Paciente estável com média de 111.4 BPM em Atividade Intensa.,"[110, 112, 112, 111, 110, 111, 111, 113, 114, 110]"
64,25,F,Atividade Intensa,2,Atencao,"Registrou 167 BPM em Atividade Intensa, indicando necessidade de acompanhamento.","[167, 164, 164, 164, 164, 168, 167, 165, 166, 167]"
65,63,F,Atividade Intensa,1,Normal,Paciente estável com média de 135.7 BPM em Atividade Intensa.,"[134, 136, 136, 138, 134, 135, 136, 134, 137, 137]"
66,38,M,Atividade Intensa,3,Alerta Critico,"Registrou pico de 179 BPM em Atividade Intensa no minuto 0, precisa de atendimento URGENTE!","[179, 178, 179, 178, 173, 176, 178, 175, 174, 174]"
67,76,F,Atividade Intensa,3,Alerta Critico,"Registrou pico de 164 BPM em Atividade Intensa no minuto 0, precisa de atendimento URGENTE!","[164, 164, 167, 166, 163, 167, 164, 168, 164, 164]"
68,55,M,Repouso,3,Alerta Critico,"Registrou pico de 123 BPM em Repouso no minuto 0, precisa de atendimento URGENTE!","[123, 121, 125, 121, 126, 122, 126, 121, 126, 122]"
69,47,M,Atividade Leve,3,Alerta Critico,"Registrou pico de 146 BPM em Atividade Leve no minuto 0, precisa de atendimento URGENTE!","[146, 150, 145, 149, 148, 146, 146, 145, 151, 149]"
70,29,M,Atividade Leve,3,Alerta Critico,"Registrou pico de 141 BPM em Atividade Leve no minuto 0, precisa de atendimento URGENTE!","[141, 145, 145, 141, 144, 146, 147, 142, 142, 143]"
71,29,M,Atividade Intensa,1,Normal,Paciente estável com média de 147.5 BPM em Atividade Intensa.,"[150, 145, 145, 150, 147, 149, 145, 150, 146, 148]"
72,60,F,Repouso,1,Normal,Paciente estável com média de 86.6 BPM em Repouso.,"[88, 89, 85, 86, 89, 88, 87, 86, 84, 84]"
73,63,M,Repouso,3,Alerta Critico,"Registrou pico de 121 BPM em Repouso no minuto 0, precisa de atendimento URGENTE!","[121, 122, 121, 122, 121, 121, 122, 124, 121, 122]"
74,50,M,Repouso,3,Alerta Critico,"Registrou pico de 138 BPM em Repouso no minuto 0, precisa de atendimento URGENTE!","[138, 136, 134, 134, 133, 139, 139, 133, 136, 135]"
75,30,F,Atividade Leve,3,Alerta Critico,"Registrou pico de 146 BPM em Atividade Leve no minuto 0, precisa de atendimento URGENTE!","[146, 146, 143, 145, 143, 145, 147, 146, 143, 147]"
76,20,F,Atividade Intensa,3,Alerta Critico,"Registrou pico de 174 BPM em Atividade Intensa no minuto 0, precisa de atendimento URGENTE!","[174, 176, 174, 179, 173, 177, 178, 176, 178, 177]"
77,23,M,Repouso,2,Atencao,"Registrou 119 BPM em Repouso, indicando necessidade de acompanhamento.","[119, 118, 115, 116, 119, 115, 119, 119, 117, 119]"
78,30,M,Atividade Leve,2,Atencao,"Registrou 121 BPM em Atividade Leve, indicando necessidade de acompanhamento.","[121, 121, 123, 124, 121, 124, 124, 123, 121, 124]"
79,22,F,Repouso,2,Atencao,"Registrou 107 BPM em Repouso, indicando necessidade de acompanhamento.","[107, 107, 112, 110, 110, 109, 110, 112, 107, 110]"
80,72,M,Atividade Leve,2,Atencao,"Registrou 127 BPM em Atividade Leve, indicando necessidade de acompanhamento.","[127, 124, 124, 124, 124, 128, 128, 127, 127, 125]"
81,72,M,Atividade Leve,2,Atencao,"Registrou 122 BPM em Atividade Leve, indicando necessidade de acompanhamento.","[122, 121, 126, 122, 123, 126, 124, 125, 120, 120]"
82,43,M,Repouso,1,Normal,Paciente estável com média de 71.0 BPM em Repouso.,"[70, 72, 68, 72, 71, 74, 68, 71, 71, 73]"
83,35,F,Atividade Leve,1,Normal,Paciente estável com média de 103.6 BPM em Atividade Leve.,"[101, 101, 103, 106, 105, 103, 106, 102, 107, 102]"
84,56,M,Atividade Leve,3,Alerta Critico,"Registrou pico de 151 BPM em Atividade Leve no minuto 0, precisa de atendimento URGENTE!","[151, 152, 153, 153, 152, 155, 152, 156, 157, 151]"
85,73,F,Repouso,1,Normal,Paciente estável com média de 70.1 BPM em Repouso.,"[72, 69, 69, 68, 72, 70, 72, 73, 68, 68]"
86,20,F,Repouso,3,Alerta Critico,"Registrou pico de 140 BPM em Repouso no minuto 0, precisa de atendimento URGENTE!","[140, 135, 140, 140, 137, 140, 137, 140, 136, 140]"
87,59,F,Atividade Leve,2,Atencao,"Registrou 137 BPM em Atividade Leve, indicando necessidade de acompanhamento.","[137, 132, 136, 136, 132, 133, 138, 133, 132, 135]"
88,44,M,Atividade Leve,1,Normal,Paciente estável com média de 118.7 BPM em Atividade Leve.,"[120, 120, 120, 115, 118, 115, 120, 119, 120, 120]"
89,32,F,Atividade Intensa,3,Alerta Critico,"Registrou pico de 176 BPM em Atividade Intensa no minuto 0, precisa de atendimento URGENTE!","[176, 171, 174, 171, 172, 175, 172, 171, 173, 171]"
90,76,M,Atividade Intensa,1,Normal,Paciente estável com média de 124.7 BPM em Atividade Intensa.,"[126, 123, 124, 124, 127, 126, 126, 123, 126, 122]"
91,80,M,Repouso,3,Alerta Critico,"Registrou pico de 114 BPM em Repouso no minuto 0, precisa de atendimento URGENTE!","[114, 115, 120, 117, 118, 114, 117, 120, 119, 115]"
92,75,F,Repouso,1,Normal,Paciente estável com média de 62.6 BPM em Repouso.,"[63, 64, 63, 64, 62, 63, 64, 63, 60, 60]"
93,35,M,Repouso,3,Alerta Critico,"Registrou pico de 125 BPM em Repouso no minuto 0, precisa de atendimento URGENTE!","[125, 129, 125, 126, 127, 126, 129, 127, 129, 127]"
94,78,M,Repouso,1,Normal,Paciente estável com média de 69.3 BPM em Repouso.,"[70, 68, 69, 67, 70, 68, 71, 68, 70, 72]"
95,59,F,Atividade Leve,1,Normal,Paciente estável com média de 108.1 BPM em Atividade Leve.,"[106, 111, 110, 106, 107, 106, 106, 108, 110, 111]"
96,78,F,Atividade Leve,1,Normal,Paciente estável com média de 107.0 BPM em Atividade Leve.,"[108, 105, 105, 108, 109, 106, 105, 110, 109, 105]"
97,63,F,Repouso,3,Alerta Critico,"Registrou pico de 128 BPM em Repouso no minuto 0, precisa de atendimento URGENTE!","[128, 126, 131, 130, 131, 128, 130, 127, 126, 129]"
98,24,F,Repouso,1,Normal,Paciente estável com média de 81.6 BPM em Repouso.,"[85, 80, 82, 79, 82, 83, 84, 79, 83, 79]"
99,67,F,Atividade Leve,2,Atencao,"Registrou 121 BPM em Atividade Leve, indicando necessidade de acompanhamento.","[121, 125, 124, 123, 121, 121, 126, 125, 123, 122]"
